<?xml version="1.0" encoding="UTF-8"?>
<beans xmlns="http://www.springframework.org/schema/beans"
     xmlns:xsi="http://www.w3.org/2001/XMLSchema-instance"
     xsi:schemaLocation="http://www.springframework.org/schema/beans
http://www.springframework.org/schema/beans/spring-beans-4.0.xsd">

<!--Property or setter injection-->
     <bean id="employee" class="com.cg.spring.lab2.Employees">
      
        <property name="employeeId">
            <value>12345</value>
        </property>
        
        <property name="employeeName">
            <value>Harriet</value>
        </property>
        <property name="salary">
            <value>40000.0</value>
        </property>
         <property name="age">
            <value>40</value>
        </property>
    </bean>
    <bean id="sbu" class="com.cg.spring.lab2.SBu">
        <property name="sbuId">
            <value>100</value>
             </property>
             <property name="sbuName">
             <value>Product Engineering Services</value> 
              </property>
             <property name="sbuHead">
             <value>Kiran Rao</value>                    
        </property>
    </bean>
</beans>